dolnośląskie;lubański;Lubań;2;51.117795;15.29374
dolnośląskie;lubański;Świeradów-Zdrój;1;50.909294;15.343098
09294;15.343098
commune;dolnośląskie;lubański;Olszyna;1;51.069875;15.366245
district;dolnośląskie;lubański;;4;51.043661;15.27851
commune;dolnośląskie;kłodzki;Radków;2;50.503898;16.40325
commune;dolnośląskie;kłodzki;Bystrzyca Kłodzka;6;50.299545;16.65338
commune;dolnośląskie;kłodzki;Stronie Śląskie;2;50.298995;16.87371
commune;dolnośląskie;kłodzki;Nowa Ruda;3;50.578501;16.518853
district;dolnośląskie;kłodzki;;13;50.388657;16.612024
commune;dolnośląskie;milicki;Milicz;3;51.52193;17.500355
district;dolnośląskie;milicki;;3;51.507429;17.28409
commune;dolnośląskie;złotoryjski;Złotoryja;1;51.12417;15.920038
district;dolnośląskie;złotoryjski;;1;51.090549;15.879425
commune;dolnośląskie;Wrocław;Wrocław;72;51.06111;17.101455
district;dolnośląskie;Wrocław;;72;51.10805;17.026703
commune;dolnośląskie;bolesławiecki;Bolesławiec;5;51.26861;15.576956
commune;dolnośląskie;bolesławiecki;Nowogrodziec;4;51.197063;15.400303
district;dolnośląskie;bolesławiecki;;9;51.322029;15.53214
commune;dolnośląskie;głogowski;Głogów;31;51.73408;16.089055
district;dolnośląskie;głogowski;;31;51.671284;16.086085
commune;dolnośląskie;Jelenia Góra;Jelenia Góra;6;50.903945;15.737545
district;dolnośląskie;Jelenia Góra;;6;50.899825;15.74047
commune;dolnośląskie;jeleniogórski;Kowary;3;50.804778;15.81197
commune;dolnośląskie;jeleniogórski;Jeżów Sudecki;6;50.935466;15.742438
commune;dolnośląskie;jeleniogórski;Podgórzyn;1;50.826881;15.727023
commune;dolnośląskie;jeleniogórski;Mysłakowice;12;50.85388;15.78162
commune;dolnośląskie;jeleniogórski;Szklarska Poręba;3;50.826985;15.52078
commune;dolnośląskie;jeleniogórski;Karpacz;3;50.772025;15.769793
district;dolnośląskie;jeleniogórski;;28;50.874645;15.66448
commune;dolnośląskie;kamiennogórski;Kamienna Góra;2;50.786702;16.026401
district;dolnośląskie;kamiennogórski;;2;50.756109;16.00465
commune;dolnośląskie;dzierżoniowski;Pieszyce;15;50.734961;16.687615
commune;dolnośląskie;dzierżoniowski;Dzierżoniów;3;50.73093;16.650351
commune;dolnośląskie;dzierżoniowski;Łagiewniki;1;52.491489;19.883011
district;dolnośląskie;dzierżoniowski;;19;50.734961;16.687615
commune;dolnośląskie;jaworski;Jawor;9;51.052145;16.18927
commune;dolnośląskie;jaworski;Bolków;1;50.924889;16.103471
commune;dolnośląskie;jaworski;Mściwojów;6;51.042153;16.271025
district;dolnośląskie;jaworski;;16;51.00098;16.205185
commune;dolnośląskie;lubiński;Rudna;3;51.50984;16.263115
district;dolnośląskie;lubiński;;3;51.441881;16.24367
commune;dolnośląskie;polkowicki;Gaworzyce;4;51.629455;15.883895
district;dolnośląskie;polkowicki;;4;51.499655;16.015769
commune;dolnośląskie;świdnicki;Świdnica;4;50.840599;16.485754
commune;dolnośląskie;świdnicki;Świebodzice;16;50.859428;16.315348
district;dolnośląskie;świdnicki;;20;51.124865;22.856915
commune;dolnośląskie;legnicki;Chojnów;1;51.27162;15.9317
commune;dolnośląskie;legnicki;Legnickie Pole;9;51.14442;16.243345
district;dolnośląskie;legnicki;;10;51.24131;16.107715
commune;dolnośląskie;oleśnicki;Oleśnica;1;51.213099;17.387555
commune;dolnośląskie;oleśnicki;Twardogóra;17;51.366055;17.46719
district;dolnośląskie;oleśnicki;;18;51.254169;17.518675
commune;dolnośląskie;strzeliński;Przeworno;1;50.687018;17.166653
district;dolnośląskie;strzeliński;;1;50.766741;17.10656
commune;dolnośląskie;oławski;Oława;11;50.944403;17.289906
district;dolnośląskie;oławski;;11;50.960545;17.305875
commune;dolnośląskie;średzki;Udanin;1;51.037366;16.45212
commune;dolnośląskie;średzki;Środa Śląska;3;51.163545;16.59522
district;dolnośląskie;średzki;;4;51.125605;16.618694
commune;dolnośląskie;trzebnicki;Oborniki Śląskie;33;51.301407;16.9128
commune;dolnośląskie;trzebnicki;Wisznia Mała;20;51.24621;17.04403
commune;dolnośląskie;trzebnicki;Zawonia;22;51.316029;17.194877
commune;dolnośląskie;trzebnicki;Trzebnica;17;51.384259;15.986524
commune;dolnośląskie;trzebnicki;Prusice;13;51.368045;16.95573
commune;dolnośląskie;trzebnicki;Żmigród;6;51.470059;16.90746
district;dolnośląskie;trzebnicki;;111;51.37179;17.04974
commune;dolnośląskie;wałbrzyski;Wałbrzych;79;50.78485;16.286362
commune;dolnośląskie;wałbrzyski;Stare Bogaczowice;1;50.84881;16.18366
district;dolnośląskie;wałbrzyski;;80;51.37179;17.04974
commune;dolnośląskie;zgorzelecki;Zgorzelec;3;51.148268;15.007714
district;dolnośląskie;zgorzelecki;;3;51.162951;15.078605
commune;dolnośląskie;wrocławski;Długołęka;1;51.177865;17.190915
commune;dolnośląskie;wrocławski;Kąty Wrocławskie;4;51.022351;16.75756
commune;dolnośląskie;wrocławski;Mietków;5;50.97436;16.650037
commune;dolnośląskie;wrocławski;Sobótka;7;50.89933;16.742205
commune;dolnośląskie;wrocławski;Żórawina;5;51.042992;16.97135
commune;dolnośląskie;wrocławski;Kobierzyce;1;51.047721;16.97092
district;dolnośląskie;wrocławski;;23;51.042992;16.97135
commune;dolnośląskie;wołowski;Wołów;4;51.49601;16.59673
commune;dolnośląskie;wołowski;Wińsko;13;51.49601;16.59673
commune;dolnośląskie;wołowski;Brzeg Dolny;1;51.25905;16.719295
district;dolnośląskie;wołowski;;18;51.36874;16.61399
commune;dolnośląskie;ząbkowicki;Stoszowice;1;50.601119;16.751327
commune;dolnośląskie;ząbkowicki;Ząbkowice Śląskie;12;50.589475;16.81035
commune;dolnośląskie;ząbkowicki;Kamieniec Ząbkowicki;8;50.521953;16.872983
district;dolnośląskie;ząbkowicki;;21;50.556765;16.870655
voivodeship;dolnośląskie;"";"";531;50.95055;16.30814
commune;kujawsko-pomorskie;grudziądzki;Rogóźno;7;53.53582;18.92775
commune;kujawsko-pomorskie;grudziądzki;Łasin;1;53.518242;19.090071
district;kujawsko-pomorskie;grudziądzki;;8;53.471979;18.91712
commune;kujawsko-pomorskie;żniński;Gąsawa;1;52.767872;17.755951
commune;kujawsko-pomorskie;żniński;Żnin;6;52.851101;17.719299
district;kujawsko-pomorskie;żniński;;7;52.822521;17.737595
commune;kujawsko-pomorskie;lipnowski;Bobrowniki;1;52.779461;18.956791
district;kujawsko-pomorskie;lipnowski;;1;52.814899;19.21707
commune;kujawsko-pomorskie;aleksandrowski;Aleksandrów Kujawski;4;52.876179;18.69236
commune;kujawsko-pomorskie;aleksandrowski;Nieszawa;1;52.835732;18.89974
commune;kujawsko-pomorskie;aleksandrowski;Raciążek;1;52.85751;18.80468
district;kujawsko-pomorskie;aleksandrowski;;6;52.784349;18.718815
commune;kujawsko-pomorskie;chełmiński;Chełmno;4;53.34738;18.42352
commune;kujawsko-pomorskie;chełmiński;Lisewo;1;53.29428;18.68904
commune;kujawsko-pomorskie;chełmiński;Stolno;12;53.321413;18.504087
district;kujawsko-pomorskie;chełmiński;;17;53.300045;18.51018
commune;kujawsko-pomorskie;brodnicki;Brodnica;16;53.259998;19.397449
district;kujawsko-pomorskie;brodnicki;;16;53.269646;19.424561
commune;kujawsko-pomorskie;bydgoski;Koronowo;3;53.31498;17.925171
commune;kujawsko-pomorskie;bydgoski;Dobrcz;24;53.26535;18.15172
commune;kujawsko-pomorskie;bydgoski;Dąbrowa Chełmińska;1;53.175522;18.307261
district;kujawsko-pomorskie;bydgoski;;28;53.192085;18.045034
commune;kujawsko-pomorskie;Bydgoszcz;Bydgoszcz;14;53.119301;18.007919
district;kujawsko-pomorskie;Bydgoszcz;;14;53.1193;18.007925
commune;kujawsko-pomorskie;Grudziądz;Grudziądz;12;53.484581;18.750231
district;kujawsko-pomorskie;Grudziądz;;12;53.523625;18.81117
commune;kujawsko-pomorskie;inowrocławski;Gniewkowo;4;52.892941;18.4025
commune;kujawsko-pomorskie;inowrocławski;Janikowo;1;52.748089;18.116159
commune;kujawsko-pomorskie;inowrocławski;Kruszwica;1;52.67329;18.32144
commune;kujawsko-pomorskie;inowrocławski;Inowrocław;4;52.799999;18.26667
commune;kujawsko-pomorskie;inowrocławski;Pakość;42;52.807369;18.091961
district;kujawsko-pomorskie;inowrocławski;;52;52.764204;18.29657
commune;kujawsko-pomorskie;nakielski;Nakło nad Notecią;1;53.137329;17.602449
district;kujawsko-pomorskie;nakielski;;1;53.094955;17.589425
commune;kujawsko-pomorskie;mogileński;Strzelno;2;52.627739;18.17127
district;kujawsko-pomorskie;mogileński;;2;52.661585;18.074265
commune;kujawsko-pomorskie;świecki;Świecie;1;53.284538;19.532439
district;kujawsko-pomorskie;świecki;;1;53.48065;18.40844
commune;kujawsko-pomorskie;Toruń;Toruń;67;53.012625;18.61322
district;kujawsko-pomorskie;Toruń;;67;44.610828;-89.509567
commune;kujawsko-pomorskie;toruński;Lubicz;4;53.033329;18.75
district;kujawsko-pomorskie;toruński;;4;53.046507;18.620435
commune;kujawsko-pomorskie;wąbrzeski;Wąbrzeźno;3;53.283298;18.950001
district;kujawsko-pomorskie;wąbrzeski;;3;53.28229;18.92662
commune;kujawsko-pomorskie;Włocławek;Włocławek;8;52.661121;19.05719
district;kujawsko-pomorskie;Włocławek;;8;52.66112;19.057195
voivodeship;kujawsko-pomorskie;"";"";247;53.055891;18.504456
commune;lubuskie;żarski;Lubsko;3;51.78503;14.96902
district;lubuskie;żarski;;3;51.628565;14.96139
commune;lubuskie;świebodziński;Świebodzin;4;52.247478;15.53457
district;lubuskie;świebodziński;;4;52.237255;15.485105
commune;lubuskie;sulęciński;Torzym;3;52.314018;15.07586
district;lubuskie;sulęciński;;3;52.42795;15.0467
commune;lubuskie;Zielona Góra;Zielona Góra;4;51.938091;15.51033
district;lubuskie;Zielona Góra;;4;51.938092;15.510338
commune;lubuskie;żagański;Szprotawa;2;51.562672;15.52376
commune;lubuskie;żagański;Iłowa;15;51.50602;15.20258
commune;lubuskie;żagański;Żagań;7;51.616669;15.31667
commune;lubuskie;żagański;Małomice;1;51.555511;15.44892
commune;lubuskie;żagański;Brzeźnica;1;51.71397;15.39275
district;lubuskie;żagański;;26;51.595226;15.422155
commune;lubuskie;zielonogórski;Sulechów;23;52.08606;15.62019
commune;lubuskie;zielonogórski;Babimost;14;52.16441;15.82835
commune;lubuskie;zielonogórski;Bojadła;8;51.95348;15.8091
district;lubuskie;zielonogórski;;45;51.976259;15.54127
commune;lubuskie;międzyrzecki;Międzyrzecz;3;52.444221;15.57778
commune;lubuskie;międzyrzecki;Skwierzyna;1;52.598389;15.50422
district;lubuskie;międzyrzecki;;4;52.498701;15.58298
commune;lubuskie;krośnieński;Krosno Odrzańskie;3;52.052448;15.11349
district;lubuskie;krośnieński;;3;52.009954;14.951935
commune;lubuskie;gorzowski;Witnica;3;52.673901;14.90044
commune;lubuskie;gorzowski;Kłodawa;1;52.786449;15.21374
commune;lubuskie;gorzowski;Kostrzyn nad Odrą;3;52.590351;14.65099
district;lubuskie;gorzowski;;7;52.739904;15.0979
commune;lubuskie;Gorzów Wielkopolski;Gorzów Wielkopolski;16;52.731949;15.24231
district;lubuskie;Gorzów Wielkopolski;;16;52.731955;15.24231
commune;lubuskie;słubicki;Górzyca;1;52.495258;14.65027
district;lubuskie;słubicki;;1;52.323071;14.78904
voivodeship;lubuskie;"";"";116;52.24334;15.47533
commune;podlaskie;Białystok;Białystok;53;53.139469;23.184401
district;podlaskie;Białystok;;53;53.13948;23.18441
commune;podlaskie;Suwałki;Suwałki;3;54.101349;22.94084
district;podlaskie;Suwałki;;3;54.101351;22.940846
commune;podlaskie;białostocki;Łapy;40;53.07307;23.25259
commune;podlaskie;białostocki;Supraśl;5;53.207735;23.325895
commune;podlaskie;białostocki;Tykocin;4;53.207393;22.772555
commune;podlaskie;białostocki;Wasilków;2;53.208795;23.210111
district;podlaskie;białostocki;;51;53.11722;23.207595
commune;podlaskie;augustowski;Augustów;49;53.84177;22.986219
commune;podlaskie;augustowski;Płaska;9;53.905781;23.248529
district;podlaskie;augustowski;;58;53.79217;23.14267
commune;podlaskie;grajewski;Grajewo;1;53.64669;22.45413
district;podlaskie;grajewski;;1;53.568405;22.476954
commune;podlaskie;bielski;Bielsk Podlaski;1;52.764591;23.186331
commune;podlaskie;bielski;Brańsk;1;52.748138;22.84193
district;podlaskie;bielski;;2;52.746231;23.007955
commune;podlaskie;hajnowski;Narewka;3;52.835892;23.75618
commune;podlaskie;hajnowski;Kleszczele;1;52.57333;23.325649
district;podlaskie;hajnowski;;4;52.708416;23.5571
commune;podlaskie;Łomża;Łomża;8;53.178429;22.060921
district;podlaskie;Łomża;;8;53.138405;22.04342
commune;podlaskie;łomżyński;Łomża;7;53.20821;22.059555
district;podlaskie;łomżyński;;7;53.20821;22.059555
commune;podlaskie;moniecki;Goniądz;4;53.489891;22.73468
commune;podlaskie;moniecki;Knyszyn;8;53.309139;22.913271
district;podlaskie;moniecki;;12;53.445766;22.78159
commune;podlaskie;siemiatycki;Milejczyce;5;52.519218;23.131689
commune;podlaskie;siemiatycki;Siemiatycze;6;52.426842;22.864031
commune;podlaskie;siemiatycki;Drohiczyn;1;52.400429;22.6579
commune;podlaskie;siemiatycki;Mielnik;1;52.33115;23.04545
district;podlaskie;siemiatycki;;13;52.488106;22.88653
commune;podlaskie;sokólski;Korycin;13;53.444803;23.090655
commune;podlaskie;sokólski;Krynki;1;53.265397;23.77385
commune;podlaskie;sokólski;Sokółka;1;53.407669;23.51082
district;podlaskie;sokólski;;15;53.43457;23.41881
commune;podlaskie;suwalski;Raczki;4;53.989021;22.782261
district;podlaskie;suwalski;;4;54.166565;22.820345
commune;podlaskie;wysokomazowiecki;Czyżew;15;52.920294;22.506511
commune;podlaskie;wysokomazowiecki;Kobylin-Borzymy;1;53.091171;22.671459
district;podlaskie;wysokomazowiecki;;16;52.864649;22.558525
commune;podlaskie;zambrowski;Zambrów;3;52.983299;22.25
district;podlaskie;zambrowski;;3;53.022619;22.28281
voivodeship;podlaskie;"";"";250;53.344971;22.770246
commune;mazowieckie;ostrołęcki;Kadzidło;1;53.234959;21.46723
commune;mazowieckie;ostrołęcki;Rzekuń;1;53.052361;21.638081
commune;mazowieckie;ostrołęcki;Łyse;4;53.364609;21.553659
commune;mazowieckie;ostrołęcki;Troszyn;5;53.03101;21.73172
district;mazowieckie;ostrołęcki;;11;53.140125;21.50752
commune;mazowieckie;Warszawa;Śródmieście;150;52.235352;21.009359
commune;mazowieckie;Warszawa;Praga-Północ;125;52.25312;21.030991
commune;mazowieckie;Warszawa;Wola;135;52.238129;20.97151
commune;mazowieckie;Warszawa;Ursynów;44;52.15416;21.037901
commune;mazowieckie;Warszawa;Wilanów;47;52.165428;21.086479
commune;mazowieckie;Warszawa;Żoliborz;27;52.265308;20.973471
commune;mazowieckie;Warszawa;Mokotów;113;52.195381;21.00791
commune;mazowieckie;Warszawa;Ochota;4;52.212799;20.97167
commune;mazowieckie;Warszawa;Praga-Południe;86;52.23568;21.098061
commune;mazowieckie;Warszawa;Wawer;2;52.204559;21.16671
commune;mazowieckie;Warszawa;Bielany;10;52.276878;20.94857
commune;mazowieckie;Warszawa;Włochy;4;52.191319;20.95257
commune;mazowieckie;Warszawa;Białołęka;13;52.310341;20.991091
commune;mazowieckie;Warszawa;Targówek;2;52.27713;21.066469
commune;mazowieckie;Warszawa;Ursus;3;52.19788;20.891159
commune;mazowieckie;Warszawa;Rembertów;1;52.26527;21.169861
commune;mazowieckie;Warszawa;Bemowo;3;52.252548;20.91275
commune;mazowieckie;Warszawa;Warszawa;1;52.235352;21.00939
district;mazowieckie;Warszawa;;770;52.23537;21.009485
commune;mazowieckie;pułtuski;Zatory;1;52.602139;21.183161
district;mazowieckie;pułtuski;;1;52.67132;21.023955
commune;mazowieckie;makowski;Różan;1;52.88887;21.39538
district;mazowieckie;makowski;;1;52.947205;21.17584
commune;mazowieckie;sochaczewski;Sochaczew;1;52.23333;20.25
district;mazowieckie;sochaczewski;;1;52.266781;20.212935
commune;mazowieckie;Radom;Radom;8;51.390511;21.13797
district;mazowieckie;Radom;;8;38.28224;-89.18527
commune;mazowieckie;Siedlce;Siedlce;11;52.163528;22.284229
district;mazowieckie;Siedlce;;11;52.16353;22.28423
commune;mazowieckie;płocki;Brudzeń Duży;1;52.668411;19.50425
commune;mazowieckie;płocki;Gąbin;1;52.39875;19.733311
commune;mazowieckie;płocki;Radzanowo;1;52.57238;19.89385
commune;mazowieckie;płocki;Słupno;1;52.500221;19.842461
district;mazowieckie;płocki;;4;52.554564;19.78536
commune;mazowieckie;pruszkowski;Pruszków;13;52.16589;20.80512
commune;mazowieckie;pruszkowski;Brwinów;10;52.142578;20.71681
commune;mazowieckie;pruszkowski;Michałowice;3;52.172401;20.885401
district;mazowieckie;pruszkowski;;26;52.10037;20.809385
commune;mazowieckie;przasnyski;Przasnysz;5;53.01836;20.887581
district;mazowieckie;przasnyski;;5;53.11377;20.93996
commune;mazowieckie;radomski;Skaryszew;1;51.309898;21.24967
commune;mazowieckie;radomski;Iłża;1;51.163239;21.239229
commune;mazowieckie;radomski;Pionki;1;51.4786;21.456539
district;mazowieckie;radomski;;3;51.334356;21.162109
commune;mazowieckie;siedlecki;Wodynie;15;52.040501;21.95446
commune;mazowieckie;siedlecki;Mordy;5;52.210972;22.516991
district;mazowieckie;siedlecki;;20;52.191835;22.304239
commune;mazowieckie;sokołowski;Kosów Lacki;1;52.59384;22.146905
district;mazowieckie;sokołowski;;1;52.495251;22.269754
commune;mazowieckie;ciechanowski;Ciechanów;1;52.88166;20.617519
commune;mazowieckie;ciechanowski;Glinojeck;3;52.819618;20.29389
commune;mazowieckie;ciechanowski;Sońsk;4;52.779598;20.699511
district;mazowieckie;ciechanowski;;8;52.90201;20.576005
commune;mazowieckie;garwoliński;Żelechów;4;51.809448;21.90151
commune;mazowieckie;garwoliński;Parysów;2;51.971378;21.68018
commune;mazowieckie;garwoliński;Wilga;2;51.85178;21.378401
district;mazowieckie;garwoliński;;8;51.826546;21.61587
commune;mazowieckie;grodziski;Milanówek;7;52.124889;20.66643
commune;mazowieckie;grodziski;Grodzisk Mazowiecki;5;52.103951;20.623119
commune;mazowieckie;grodziski;Jaktorów;3;52.085659;20.550079
commune;mazowieckie;grodziski;Podkowa Leśna;4;52.122639;20.72617
district;mazowieckie;grodziski;;19;52.16028;16.335606
commune;mazowieckie;grójecki;Nowe Miasto nad Pilicą;3;51.61755;20.577351
commune;mazowieckie;grójecki;Warka;1;51.78421;21.186069
district;mazowieckie;grójecki;;4;51.757736;20.836491
commune;mazowieckie;piaseczyński;Góra Kalwaria;5;51.975349;21.21171
commune;mazowieckie;piaseczyński;Konstancin-Jeziorna;9;52.077888;21.11068
commune;mazowieckie;piaseczyński;Piaseczno;3;52.07494;21.02783
commune;mazowieckie;piaseczyński;Prażmów;1;51.94075;20.9545
commune;mazowieckie;piaseczyński;Lesznowola;2;52.087269;20.94272
district;mazowieckie;piaseczyński;;20;52.015821;20.98315
commune;mazowieckie;miński;Mińsk Mazowiecki;3;52.179401;21.5567
commune;mazowieckie;miński;Mrozy;3;52.165981;21.803591
district;mazowieckie;miński;;6;52.184071;21.606175
commune;mazowieckie;otwocki;Wiązowna;4;52.17627;21.294081
commune;mazowieckie;otwocki;Otwock;3;52.10574;21.26302
commune;mazowieckie;otwocki;Karczew;18;52.076801;21.247049
commune;mazowieckie;otwocki;Józefów;2;52.136002;21.234501
district;mazowieckie;otwocki;;27;52.045864;21.3797
commune;mazowieckie;Płock;Płock;22;52.543449;19.706249
district;mazowieckie;Płock;;22;52.54345;19.706255
commune;mazowieckie;przysuski;Przysucha;1;51.357738;20.632389
commune;mazowieckie;przysuski;Borkowice;1;51.320068;20.68395
district;mazowieckie;przysuski;;2;51.42606;20.65147
commune;mazowieckie;warszawski zachodni;Stare Babice;1;52.250381;20.827379
commune;mazowieckie;warszawski zachodni;Błonie;10;52.198502;20.61747
commune;mazowieckie;warszawski zachodni;Kampinos;1;52.268452;20.46007
district;mazowieckie;warszawski zachodni;;12;52.2686;20.61924
commune;mazowieckie;żyrardowski;Żyrardów;36;52.048439;20.445351
commune;mazowieckie;żyrardowski;Radziejowice;7;52.004108;20.556061
district;mazowieckie;żyrardowski;;43;51.999584;20.43229
commune;mazowieckie;kozienicki;Kozienice;11;51.586781;21.543119
commune;mazowieckie;kozienicki;Głowaczów;4;51.62299;21.31716
district;mazowieckie;kozienicki;;15;51.640051;21.496119
commune;mazowieckie;legionowski;Serock;2;52.511028;21.069389
commune;mazowieckie;legionowski;Wieliszew;4;52.451969;20.96455
commune;mazowieckie;legionowski;Nieporęt;3;52.430271;21.030531
commune;mazowieckie;legionowski;Legionowo;13;52.39711;20.93363
commune;mazowieckie;legionowski;Jabłonna;2;52.377819;20.91725
district;mazowieckie;legionowski;;24;52.453299;20.94022
commune;mazowieckie;nowodworski;Nowy Dwór Mazowiecki;7;52.430359;20.7153
commune;mazowieckie;nowodworski;Zakroczym;5;52.438221;20.609261
commune;mazowieckie;nowodworski;Pomiechówek;1;52.47163;20.73167
district;mazowieckie;nowodworski;;13;54.28664;19.24214
commune;mazowieckie;ostrowski;Brok;3;52.698051;21.84656
commune;mazowieckie;ostrowski;Ostrów Mazowiecka;7;52.802181;21.86092
commune;mazowieckie;ostrowski;Małkinia Górna;2;52.69326;22.027149
district;mazowieckie;ostrowski;;12;51.608149;17.85
commune;mazowieckie;szydłowiecki;Chlewiska;2;51.24528;20.75826
commune;mazowieckie;szydłowiecki;Szydłowiec;7;51.232389;20.85762
district;mazowieckie;szydłowiecki;;9;51.24696;20.84402
commune;mazowieckie;wołomiński;Radzymin;1;52.41866;21.181465
commune;mazowieckie;wołomiński;Wołomin;11;52.346155;21.24171
commune;mazowieckie;wołomiński;Klembów;1;52.40309;21.336785
commune;mazowieckie;wołomiński;Kobyłka;1;52.336929;21.214346
district;mazowieckie;wołomiński;;14;52.406115;21.402785
commune;mazowieckie;węgrowski;Łochów;19;52.5303;21.682171
commune;mazowieckie;węgrowski;Węgrów;1;52.398891;22.016331
commune;mazowieckie;węgrowski;Grębków;3;52.270538;21.903669
district;mazowieckie;węgrowski;;23;52.456211;21.873329
commune;mazowieckie;wyszkowski;Rząśnik;4;52.71265;21.37015
commune;mazowieckie;wyszkowski;Wyszków;1;52.594921;21.46019
district;mazowieckie;wyszkowski;;5;52.651621;21.44169
commune;mazowieckie;lipski;Lipsko;2;51.1581;21.6507
district;mazowieckie;lipski;;2;51.158667;21.56701
commune;mazowieckie;Ostrołęka;Ostrołęka;17;53.088402;21.571621
district;mazowieckie;Ostrołęka;;17;53.088435;21.57106
voivodeship;mazowieckie;"";"";1167;52.247541;21.193786
commune;podkarpackie;brzozowski;Domaradz;1;49.7869;21.946699
commune;podkarpackie;brzozowski;Dydnia;5;49.691429;22.15506
commune;podkarpackie;brzozowski;Haczów;1;49.661701;21.89805
commune;podkarpackie;brzozowski;Brzozów;1;49.695969;22.01972
commune;podkarpackie;brzozowski;Jasienica Rosielna;6;49.751339;21.94278
district;podkarpackie;brzozowski;;14;49.727695;22.08345
commune;podkarpackie;Rzeszów;Rzeszów;7;50.039669;22.009171
district;podkarpackie;Rzeszów;;7;50.039671;22.009178
commune;podkarpackie;bieszczadzki;Ustrzyki Dolne;17;49.429901;22.58659
commune;podkarpackie;bieszczadzki;Lutowiska;12;49.250721;22.69598
commune;podkarpackie;bieszczadzki;Czarna;7;49.324032;22.668819
district;podkarpackie;bieszczadzki;;36;49.336697;22.643974
commune;podkarpackie;jarosławski;Jarosław;10;50.016602;22.682329
district;podkarpackie;jarosławski;;10;50.024876;22.782405
commune;podkarpackie;jasielski;Nowy Żmigród;1;49.604099;21.523899
commune;podkarpackie;jasielski;Jasło;5;49.745522;21.47349
commune;podkarpackie;jasielski;Krempna;8;49.50845;21.4984
district;podkarpackie;jasielski;;14;49.642521;21.44628
commune;podkarpackie;kolbuszowski;Cmolas;5;50.29454;21.744909
commune;podkarpackie;kolbuszowski;Majdan Królewski;4;50.376301;21.74575
commune;podkarpackie;kolbuszowski;Kolbuszowa;1;50.24485;21.7784
district;podkarpackie;kolbuszowski;;10;50.311371;21.813525
commune;podkarpackie;mielecki;Mielec;1;50.287231;21.42448
district;podkarpackie;mielecki;;1;50.314005;21.391155
commune;podkarpackie;niżański;Nisko;1;50.514549;22.152599
commune;podkarpackie;niżański;Rudnik nad Sanem;16;50.44313;22.25606
district;podkarpackie;niżański;;17;50.463514;22.27742
commune;podkarpackie;dębicki;Brzostek;4;49.88015;21.409639
district;podkarpackie;dębicki;;4;49.999035;21.35697
commune;podkarpackie;rzeszowski;Dynów;15;49.833302;22.233299
commune;podkarpackie;rzeszowski;Świlcza;3;50.071362;21.90349
commune;podkarpackie;rzeszowski;Trzebownisko;5;50.076302;22.04353
district;podkarpackie;rzeszowski;;23;50.057531;22.04252
commune;podkarpackie;Krosno;Krosno;2;49.694752;21.76223
district;podkarpackie;Krosno;;2;49.694751;21.762232
commune;podkarpackie;krośnieński;Wojaszówka;3;49.78043;21.66666
commune;podkarpackie;krośnieński;Dukla;25;49.557091;21.683201
commune;podkarpackie;krośnieński;Iwonicz-Zdrój;1;49.566319;21.792931
commune;podkarpackie;krośnieński;Rymanów;7;49.576832;21.866369
commune;podkarpackie;krośnieński;Jaśliska;2;49.44088;21.802099
district;podkarpackie;krośnieński;;38;52.009954;14.951935
commune;podkarpackie;leski;Lesko;2;49.47356;22.324869
commune;podkarpackie;leski;Cisna;2;49.211311;22.33083
district;podkarpackie;leski;;4;49.319715;22.37027
commune;podkarpackie;leżajski;Leżajsk;4;50.26656;22.411289
district;podkarpackie;leżajski;;4;50.2619;22.43826
commune;podkarpackie;lubaczowski;Cieszanów;1;50.24551;23.131559
district;podkarpackie;lubaczowski;;1;50.19578;23.1727
commune;podkarpackie;łańcucki;Łańcut;1;50.064678;22.239401
district;podkarpackie;łańcucki;;1;50.086334;22.268945
commune;podkarpackie;Przemyśl;Przemyśl;64;49.783642;22.77202
district;podkarpackie;Przemyśl;;64;49.783665;22.772035
commune;podkarpackie;przeworski;Kańczuga;1;49.983421;22.41103
district;podkarpackie;przeworski;;1;50.089081;22.536725
commune;podkarpackie;sanocki;Komańcza;10;49.33466;22.06926
district;podkarpackie;sanocki;;10;49.430046;22.142745
commune;podkarpackie;strzyżowski;Strzyżów;1;49.8689;21.78825
commune;podkarpackie;strzyżowski;Niebylec;1;49.855759;21.902969
district;podkarpackie;strzyżowski;;2;49.87693;21.749005
commune;podkarpackie;Tarnobrzeg;Tarnobrzeg;14;50.576931;21.680679
district;podkarpackie;Tarnobrzeg;;14;50.57693;21.680685
commune;podkarpackie;tarnobrzeski;Baranów Sandomierski;7;50.49411;21.54154
commune;podkarpackie;tarnobrzeski;Gorzyce;1;50.6674;21.83902
district;podkarpackie;tarnobrzeski;;8;50.562309;21.73732
voivodeship;podkarpackie;"";"";285;49.91008;22.344875
commune;zachodniopomorskie;gryficki;Gryfice;11;53.911449;15.19708
district;zachodniopomorskie;gryficki;;11;53.942846;15.19084
commune;zachodniopomorskie;Szczecin;Szczecin;36;53.425201;14.55542
district;zachodniopomorskie;Szczecin;;36;53.425205;14.55542
commune;zachodniopomorskie;sławieński;Postomino;2;54.491692;16.71389
commune;zachodniopomorskie;sławieński;Sławno;2;54.349998;16.683331
district;zachodniopomorskie;sławieński;;4;54.379295;16.53992
commune;zachodniopomorskie;stargardzki;Stargard Szczeciński;2;53.333328;15.05
district;zachodniopomorskie;stargardzki;;2;53.315975;15.22875
commune;zachodniopomorskie;łobeski;Dobra;2;53.583685;15.307221
district;zachodniopomorskie;łobeski;;2;53.675261;15.47145
commune;zachodniopomorskie;świdwiński;Sławoborze;1;53.89127;15.71077
commune;zachodniopomorskie;świdwiński;Połczyn-Zdrój;1;53.762829;16.09495
commune;zachodniopomorskie;świdwiński;Świdwin;6;53.775688;15.7739
district;zachodniopomorskie;świdwiński;;8;53.807621;15.89806
commune;zachodniopomorskie;kamieński;Kamień Pomorski;1;53.96542;14.77194
commune;zachodniopomorskie;kamieński;Międzyzdroje;2;53.926361;14.44888
commune;zachodniopomorskie;kamieński;Wolin;3;53.8461;14.61073
district;zachodniopomorskie;kamieński;;6;53.91029;14.744225
commune;zachodniopomorskie;policki;Kołbaskowo;3;53.33625;14.4379
district;zachodniopomorskie;policki;;3;53.53113;14.45196
commune;zachodniopomorskie;koszaliński;Polanów;2;54.119179;16.686899
district;zachodniopomorskie;koszaliński;;2;54.110149;16.302065
commune;zachodniopomorskie;kołobrzeski;Kołobrzeg;1;54.172791;15.57507
district;zachodniopomorskie;kołobrzeski;;1;54.050205;15.61407
commune;zachodniopomorskie;gryfiński;Stare Czarnowo;3;53.284809;14.78111
commune;zachodniopomorskie;gryfiński;Banie;3;53.100399;14.66334
commune;zachodniopomorskie;gryfiński;Gryfino;3;53.25676;14.4892
district;zachodniopomorskie;gryfiński;;9;53.023209;14.50082
commune;zachodniopomorskie;choszczeński;Choszczno;12;53.170021;15.41924
district;zachodniopomorskie;choszczeński;;12;53.14226;15.62055
commune;zachodniopomorskie;drawski;Złocieniec;1;53.53146;16.010759
commune;zachodniopomorskie;drawski;Czaplinek;5;53.557411;16.23387
district;zachodniopomorskie;drawski;;6;53.447254;16.02128
commune;zachodniopomorskie;myśliborski;Myślibórz;9;52.921711;14.86254
district;zachodniopomorskie;myśliborski;;9;52.847681;14.87921
commune;zachodniopomorskie;szczecinecki;Szczecinek;2;53.712261;16.70363
district;zachodniopomorskie;szczecinecki;;2;53.737869;16.589055
commune;zachodniopomorskie;Świnoujście;Świnoujście;3;53.902351;14.26914
district;zachodniopomorskie;Świnoujście;;3;53.902354;14.269149
commune;zachodniopomorskie;wałecki;Wałcz;2;53.2756;16.464371
district;zachodniopomorskie;wałecki;;2;53.23756;16.338264
commune;zachodniopomorskie;pyrzycki;Lipiany;8;53.003288;14.95265
commune;zachodniopomorskie;pyrzycki;Pyrzyce;6;53.146229;14.89152
district;zachodniopomorskie;pyrzycki;;14;53.126188;14.938625
commune;zachodniopomorskie;Koszalin;Koszalin;9;54.19051;16.182409
district;zachodniopomorskie;Koszalin;;9;54.19051;16.182325
voivodeship;zachodniopomorskie;"";"";141;53.58955;15.552505
commune;małopolskie;brzeski;Brzesko;1;49.96804;20.60696
commune;małopolskie;brzeski;Czchów;2;49.837711;20.680719
district;małopolskie;brzeski;;3;49.982685;20.649695
commune;małopolskie;nowosądecki;Muszyna;9;49.35648;20.897039
commune;małopolskie;nowosądecki;Krynica-Zdrój;31;49.421822;20.95941
district;małopolskie;nowosądecki;;40;49.55143;20.72964
commune;małopolskie;bocheński;Lipnica Murowana;1;49.858871;20.52747
commune;małopolskie;bocheński;Bochnia;8;49.968941;20.43079
commune;małopolskie;bocheński;Rzezawa;1;49.98996;20.5149
district;małopolskie;bocheński;;10;49.960901;20.431635
commune;małopolskie;gorlicki;Biecz;2;49.738789;21.269119
commune;małopolskie;gorlicki;Sękowa;7;49.619598;21.197769
commune;małopolskie;gorlicki;Gorlice;4;49.660351;21.15971
commune;małopolskie;gorlicki;Uście Gorlickie;5;49.52158;21.13793
commune;małopolskie;gorlicki;Bobowa;9;49.70779;20.942051
commune;małopolskie;gorlicki;Łużna;1;49.71035;21.050671
district;małopolskie;gorlicki;;28;49.591385;21.15179
commune;małopolskie;krakowski;Czernichów;1;49.987782;19.67878
commune;małopolskie;krakowski;Krzeszowice;16;50.133091;19.63689
commune;małopolskie;krakowski;Michałowice;3;50.158939;19.98033
commune;małopolskie;krakowski;Skała;3;50.230061;19.854389
commune;małopolskie;krakowski;Zielonki;6;50.118809;19.92131
district;małopolskie;krakowski;;29;50.099871;19.937056
commune;małopolskie;Kraków;Kraków;134;50.06007;19.93259
district;małopolskie;Kraków;;134;50.06006;19.9326
commune;małopolskie;limanowski;Kamienica;4;49.571442;20.350491
commune;małopolskie;limanowski;Jodłownik;8;49.775349;20.23563
district;małopolskie;limanowski;;12;49.68247;20.293156
commune;małopolskie;miechowski;Miechów;9;50.36557;20.044701
district;małopolskie;miechowski;;9;50.389479;20.08575
commune;małopolskie;myślenicki;Myślenice;4;49.83237;19.94293
commune;małopolskie;myślenicki;Dobczyce;1;49.880391;20.090293
commune;małopolskie;myślenicki;Tokarnia;1;49.73179;19.87907
district;małopolskie;myślenicki;;6;49.775967;19.99528
commune;małopolskie;nowotarski;Łapsze Niżne;1;49.399399;20.237801
commune;małopolskie;nowotarski;Rabka-Zdrój;6;49.609619;19.95269
commune;małopolskie;nowotarski;Nowy Targ;6;49.477501;20.01787
commune;małopolskie;nowotarski;Szczawnica;8;49.42749;20.46969
commune;małopolskie;nowotarski;Czorsztyn;1;49.43679;20.32839
district;małopolskie;nowotarski;;22;49.493885;20.07199
commune;małopolskie;olkuski;Klucze;10;50.33633;19.56217
commune;małopolskie;olkuski;Wolbrom;28;50.38398;19.75915
commune;małopolskie;olkuski;Olkusz;19;50.2803;19.564159
district;małopolskie;olkuski;;57;50.319351;19.622186
commune;małopolskie;oświęcimski;Zator;6;49.997761;19.436769
commune;małopolskie;oświęcimski;Oświęcim;10;50.036251;19.2535
district;małopolskie;oświęcimski;;16;49.99239;19.296235
commune;małopolskie;proszowicki;Koniusza;2;50.187439;20.216141
commune;małopolskie;proszowicki;Koszyce;1;50.166801;20.575979
district;małopolskie;proszowicki;;3;50.216909;20.403415
commune;małopolskie;wadowicki;Wadowice;5;49.883282;19.49238
commune;małopolskie;wadowicki;Andrychów;20;49.854858;19.34074
commune;małopolskie;wadowicki;Mucharz;9;49.80204;19.565599
commune;małopolskie;wadowicki;Spytkowice;1;50.000851;19.51416
district;małopolskie;wadowicki;;35;49.89456;19.54869
commune;małopolskie;wielicki;Wieliczka;9;49.984741;20.059099
commune;małopolskie;wielicki;Niepołomice;7;50.032761;20.21718
district;małopolskie;wielicki;;16;49.981806;20.17754
commune;małopolskie;chrzanowski;Babice;4;50.070129;19.450029
commune;małopolskie;chrzanowski;Alwernia;18;50.059662;19.53837
commune;małopolskie;chrzanowski;Chrzanów;13;50.142689;19.405479
commune;małopolskie;chrzanowski;Trzebinia;25;50.158241;19.47348
commune;małopolskie;chrzanowski;Libiąż;1;50.106529;19.32889
district;małopolskie;chrzanowski;;61;50.118586;19.443015
commune;małopolskie;dąbrowski;Dąbrowa Tarnowska;1;50.175179;20.98539
commune;małopolskie;dąbrowski;Szczucin;2;50.309109;21.074471
district;małopolskie;dąbrowski;;3;50.23068;20.975395
commune;małopolskie;tatrzański;Zakopane;5;49.295238;19.95314
commune;małopolskie;tatrzański;Bukowina Tatrzańska;1;49.329552;20.09804
district;małopolskie;tatrzański;;6;49.30332;19.974405
commune;małopolskie;Nowy Sącz;Nowy Sącz;20;49.62093;20.70048
district;małopolskie;Nowy Sącz;;20;49.620934;20.700489
commune;małopolskie;suski;Sucha Beskidzka;12;49.742401;19.60454
district;małopolskie;suski;;12;49.701431;19.64157
commune;małopolskie;tarnowski;Wojnicz;1;49.957878;20.83849
commune;małopolskie;tarnowski;Rzepiennik Strzyżewski;1;49.79908;21.04895
commune;małopolskie;tarnowski;Zakliczyn;4;49.856541;20.81403
commune;małopolskie;tarnowski;Żabno;1;50.133099;20.885599
district;małopolskie;tarnowski;;7;49.985119;21.014325
commune;małopolskie;Tarnów;Tarnów;3;50.01532;20.990231
district;małopolskie;Tarnów;;3;42.337887;-83.139366
voivodeship;małopolskie;"";"";532;49.849285;20.25229
commune;łódzkie;Łódź;Łódź;82;51.761742;19.46801
district;łódzkie;Łódź;;82;51.76174;19.468015
commune;łódzkie;kutnowski;Kutno;3;52.217178;19.386391
district;łódzkie;kutnowski;;3;52.251335;19.397591
commune;łódzkie;łęczycki;Łęczyca;7;52.059502;19.2015
commune;łódzkie;łęczycki;Góra Świętej Małgorzaty;3;52.055328;19.31974
district;łódzkie;łęczycki;;10;52.105909;19.195425
commune;łódzkie;łowicki;Łowicz;59;52.118191;19.94989
commune;łódzkie;łowicki;Bielawy;3;52.0756;19.65579
commune;łódzkie;łowicki;Nieborów;12;52.06926;20.074829
commune;łódzkie;łowicki;Zduny;1;52.148811;19.804159
district;łódzkie;łowicki;;75;52.11017;19.82048
commune;łódzkie;piotrkowski;Wolbórz;8;51.497372;19.8323
district;łódzkie;piotrkowski;;8;51.378195;19.739329
commune;łódzkie;Piotrków Trybunalski;Piotrków Trybunalski;5;51.405769;19.692921
district;łódzkie;Piotrków Trybunalski;;5;51.405775;19.69292
commune;łódzkie;radomszczański;Radomsko;25;51.064991;19.44458
commune;łódzkie;radomszczański;Gidle;17;50.96151;19.47246
commune;łódzkie;radomszczański;Wielgomłyny;1;51.013222;19.76391
commune;łódzkie;radomszczański;Ładzice;5;51.081329;19.35412
commune;łódzkie;radomszczański;Kodrąb;13;51.098251;19.62921
district;łódzkie;radomszczański;;61;51.064455;19.63013
commune;łódzkie;rawski;Rawa Mazowiecka;27;51.76601;20.25379
commune;łódzkie;rawski;Regnów;3;51.748421;20.386169
district;łódzkie;rawski;;30;51.7619;20.385275
commune;łódzkie;Skierniewice;Skierniewice;3;51.960072;20.1441
district;łódzkie;Skierniewice;;3;51.960077;20.144105
commune;łódzkie;tomaszowski;Inowłódz;3;51.526119;20.2213
commune;łódzkie;tomaszowski;Żelechlinek;1;51.716671;20.033331
district;łódzkie;tomaszowski;;4;50.477594;23.51968
commune;łódzkie;opoczyński;Drzewica;3;51.450459;20.47724
commune;łódzkie;opoczyński;Opoczno;4;51.37571;20.28216
commune;łódzkie;opoczyński;Poświętne;2;51.533249;20.36039
district;łódzkie;opoczyński;;9;51.392527;20.194985
commune;łódzkie;pabianicki;Pabianice;2;51.665989;19.33873
commune;łódzkie;pabianicki;Lutomiersk;3;51.752621;19.213921
district;łódzkie;pabianicki;;5;51.67729;19.237656
commune;łódzkie;zduńskowolski;Zduńska Wola;5;51.599998;18.933331
district;łódzkie;zduńskowolski;;5;51.620316;18.953395
commune;łódzkie;sieradzki;Błaszki;3;51.651508;18.43638
district;łódzkie;sieradzki;;3;51.6052;18.603405
commune;łódzkie;skierniewicki;Nowy Kawęczyn;8;51.88699;20.24251
district;łódzkie;skierniewicki;;8;51.944929;20.19318
commune;łódzkie;wieluński;Wieluń;1;51.221668;18.57415
district;łódzkie;wieluński;;1;51.232975;18.630535
commune;łódzkie;wieruszowski;Wieruszów;2;51.29525;18.15321
district;łódzkie;wieruszowski;;2;51.29409;18.318935
commune;łódzkie;zgierski;Zgierz;1;51.858799;19.40547
district;łódzkie;zgierski;;1;51.90383;19.48088
commune;łódzkie;bełchatowski;Zelów;1;51.465641;19.21513
district;łódzkie;bełchatowski;;1;51.368389;19.178325
commune;łódzkie;łaski;Łask;1;51.59066;19.132259
district;łódzkie;łaski;;1;51.558611;19.03887
voivodeship;łódzkie;"";"";317;51.61854;19.36711
commune;pomorskie;nowodworski;Stegna;8;54.326401;19.1122
commune;pomorskie;nowodworski;Nowy Dwór Gdański;1;54.214729;19.111071
commune;pomorskie;nowodworski;Ostaszewo;5;54.213638;18.950069
district;pomorskie;nowodworski;;14;54.28664;19.24214
commune;pomorskie;Gdańsk;Gdańsk;31;54.4062;18.637055
district;pomorskie;Gdańsk;;31;54.353125;18.65112
commune;pomorskie;chojnicki;Czersk;1;53.795689;17.9702
commune;pomorskie;chojnicki;Brusy;3;53.882011;17.716221
district;pomorskie;chojnicki;;4;53.80073;17.71791
commune;pomorskie;pucki;Krokowa;6;54.779121;18.164921
commune;pomorskie;pucki;Jastarnia;5;54.70076;18.66991
commune;pomorskie;pucki;Hel;14;54.61129;18.8018
commune;pomorskie;pucki;Puck;12;54.712811;18.39345
commune;pomorskie;pucki;Kosakowo;5;54.588909;18.492491
commune;pomorskie;pucki;Władysławowo;1;54.7976;18.395069
district;pomorskie;pucki;;43;54.696701;18.370205
commune;pomorskie;malborski;Lichnowy;4;54.11459;18.913401
commune;pomorskie;malborski;Malbork;5;54.033329;19.049999
commune;pomorskie;malborski;Stare Pole;5;54.0546;19.201191
commune;pomorskie;malborski;Miłoradz;1;54.012089;18.91699
district;pomorskie;malborski;;15;54.063026;19.044175
commune;pomorskie;bytowski;Bytów;3;54.170479;17.49181
commune;pomorskie;bytowski;Trzebielino;1;54.201172;17.088051
commune;pomorskie;bytowski;Miastko;4;54.002838;16.982719
district;pomorskie;bytowski;;8;54.157169;17.291655
commune;pomorskie;gdański;Kolbudy;3;54.27039;18.46979
commune;pomorskie;gdański;Suchy Dąb;1;54.207329;18.76779
commune;pomorskie;gdański;Pszczółki;1;54.174221;18.693701
district;pomorskie;gdański;;5;54.224651;18.581715
commune;pomorskie;Gdynia;Gdynia;28;54.51965;18.53647
district;pomorskie;Gdynia;;28;54.519655;18.536485
commune;pomorskie;kartuski;Żukowo;3;54.344799;18.364861
district;pomorskie;kartuski;;3;54.32703;18.0867
commune;pomorskie;kościerski;Kościerzyna;1;54.1478;17.975599
commune;pomorskie;kościerski;Nowa Karczma;3;54.133099;18.201521
district;pomorskie;kościerski;;4;54.018354;18.002009
commune;pomorskie;kwidzyński;Kwidzyn;3;53.73452;18.93656
district;pomorskie;kwidzyński;;3;53.745874;19.030595
commune;pomorskie;słupski;Słupsk;1;54.46621;17.027685
commune;pomorskie;słupski;Ustka;1;54.580245;16.862165
district;pomorskie;słupski;;2;54.423704;17.15919
commune;pomorskie;starogardzki;Lubichowo;5;53.851269;18.40028
commune;pomorskie;starogardzki;Starogard Gdański;17;53.972279;18.52894
district;pomorskie;starogardzki;;22;53.899084;18.399119
commune;pomorskie;sztumski;Dzierzgoń;1;53.921139;19.347759
commune;pomorskie;sztumski;Stary Dzierzgoń;1;53.840462;19.40519
district;pomorskie;sztumski;;2;53.901218;19.219995
commune;pomorskie;tczewski;Pelplin;2;53.928219;18.69813
commune;pomorskie;tczewski;Tczew;4;54.092072;18.774
district;pomorskie;tczewski;;6;53.919001;18.719525
commune;pomorskie;wejherowski;Wejherowo;22;54.599998;18.233299
commune;pomorskie;wejherowski;Gniewino;4;54.716331;18.02647
commune;pomorskie;wejherowski;Rumia;3;54.56868;18.388741
commune;pomorskie;wejherowski;Luzino;1;54.566872;18.103979
commune;pomorskie;wejherowski;Szemud;1;54.486691;18.21879
district;pomorskie;wejherowski;;31;54.617245;18.04855
commune;pomorskie;człuchowski;Czarne;1;53.68398;16.93886
district;pomorskie;człuchowski;;1;53.751045;17.18921
commune;pomorskie;Słupsk;Słupsk;6;54.466209;17.027679
district;pomorskie;Słupsk;;6;54.46621;17.027685
voivodeship;pomorskie;"";"";228;54.163296;18.174245
commune;lubelskie;radzyński;Radzyń Podlaski;15;51.78236;22.610781
district;lubelskie;radzyński;;15;51.782499;22.707615
commune;lubelskie;włodawski;Hańsk;1;51.400318;23.40403
commune;lubelskie;włodawski;Włodawa;4;51.54422;23.554199
district;lubelskie;włodawski;;5;51.522755;23.38319
commune;lubelskie;zamojski;Zwierzyniec;32;50.61039;22.96607
commune;lubelskie;zamojski;Szczebrzeszyn;1;50.694981;22.979811
commune;lubelskie;zamojski;Łabunie;8;50.652039;23.368509
district;lubelskie;zamojski;;41;50.692976;23.21552
commune;lubelskie;tomaszowski;Rachanie;1;50.539478;23.56518
commune;lubelskie;tomaszowski;Łaszczów;9;50.531029;23.71703
district;lubelskie;tomaszowski;;10;50.477594;23.51968
commune;lubelskie;bialski;Międzyrzec Podlaski;1;51.991249;22.77146
commune;lubelskie;bialski;Sławatycze;1;51.763889;23.55484
commune;lubelskie;bialski;Terespol;16;52.07309;23.607771
commune;lubelskie;bialski;Drelów;1;51.912071;22.871361
district;lubelskie;bialski;;19;51.972055;23.15328
commune;lubelskie;biłgorajski;Biłgoraj;29;50.53038;22.71661
commune;lubelskie;biłgorajski;Tarnogród;3;50.361061;22.74206
district;lubelskie;biłgorajski;;32;50.584049;22.79461
commune;lubelskie;chełmski;Wojsławice;5;50.918652;23.54944
commune;lubelskie;chełmski;Ruda-Huta;1;51.236099;23.59387
district;lubelskie;chełmski;;6;51.122107;23.49082
commune;lubelskie;hrubieszowski;Hrubieszów;7;50.802761;23.89135
commune;lubelskie;hrubieszowski;Werbkowice;1;50.753891;23.764351
district;lubelskie;hrubieszowski;;8;50.70805;23.86292
commune;lubelskie;Chełm;Chełm;9;51.136742;23.466141
district;lubelskie;Chełm;;9;51.150005;23.544483
commune;lubelskie;janowski;Potok Wielki;10;50.784039;22.227119
district;lubelskie;janowski;;10;50.744884;22.41156
commune;lubelskie;krasnostawski;Łopiennik Górny;1;51.04747;23.03565
district;lubelskie;krasnostawski;;1;50.98382;23.118215
commune;lubelskie;lubartowski;Kock;9;51.64492;22.44455
commune;lubelskie;lubartowski;Ostrów Lubelski;5;51.494591;22.85704
commune;lubelskie;lubartowski;Serniki;5;51.436481;22.65675
district;lubelskie;lubartowski;;19;51.534975;22.603835
commune;lubelskie;lubelski;Bychawa;1;51.016521;22.53142
commune;lubelskie;lubelski;Niemce;7;51.357971;22.622021
commune;lubelskie;lubelski;Bełżyce;8;51.175529;22.280081
commune;lubelskie;lubelski;Strzyżewice;1;51.046741;22.43552
commune;lubelskie;lubelski;Garbów;8;51.354568;22.33186
commune;lubelskie;lubelski;Jastków;2;51.30415;22.434019
commune;lubelskie;lubelski;Głusk;5;51.159451;22.58165
commune;lubelskie;lubelski;Niedrzwica Duża;1;51.1106;22.38378
district;lubelskie;lubelski;;33;51.133434;22.46887
commune;lubelskie;Lublin;Lublin;92;51.247841;22.565969
district;lubelskie;Lublin;;92;45.075035;-90.725569
commune;lubelskie;łęczyński;Łęczna;6;51.300411;22.884701
district;lubelskie;łęczyński;;6;51.30476;22.966995
commune;lubelskie;opolski;Łaziska;6;51.142231;21.88077
district;lubelskie;opolski;;6;51.129814;22.010635
commune;lubelskie;puławski;Nałęczów;1;51.287781;22.21582
commune;lubelskie;puławski;Baranów;5;51.55761;22.135839
commune;lubelskie;puławski;Kazimierz Dolny;10;51.322632;21.94623
commune;lubelskie;puławski;Puławy;4;51.41605;21.973499
commune;lubelskie;puławski;Wąwolnica;5;51.294338;22.14727
district;lubelskie;puławski;;25;51.418264;22.037445
commune;lubelskie;świdnicki;Piaski;1;51.138741;22.84889
commune;lubelskie;świdnicki;Mełgiew;10;51.226841;22.78056
district;lubelskie;świdnicki;;11;51.124865;22.856915
commune;lubelskie;Zamość;Zamość;65;50.719509;23.25301
district;lubelskie;Zamość;;65;50.71951;23.25301
commune;lubelskie;łukowski;Łuków;4;51.926868;22.38372
commune;lubelskie;łukowski;Stanin;5;51.872211;22.19611
commune;lubelskie;łukowski;Krzywda;8;51.80389;22.19058
district;lubelskie;łukowski;;17;51.853924;22.240435
voivodeship;lubelskie;"";"";430;51.270029;22.881451
commune;opolskie;nyski;Nysa;40;50.468269;17.33856
commune;opolskie;nyski;Pakosławice;2;50.544979;17.36418
commune;opolskie;nyski;Paczków;1;50.462189;17.00458
commune;opolskie;nyski;Głuchołazy;4;50.31432;17.383289
district;opolskie;nyski;;47;50.460489;17.335845
commune;opolskie;krapkowicki;Krapkowice;9;50.47467;17.965059
commune;opolskie;krapkowicki;Strzeleczki;8;50.458019;17.854509
district;opolskie;krapkowicki;;17;50.452576;17.95696
commune;opolskie;namysłowski;Namysłów;2;51.076649;17.71707
district;opolskie;namysłowski;;2;51.015942;17.75895
commune;opolskie;brzeski;Grodków;9;50.697521;17.384781
district;opolskie;brzeski;;9;49.982685;20.649695
commune;opolskie;oleski;Olesno;4;50.87664;18.42153
commune;opolskie;oleski;Radłów;4;50.93148;18.52462
district;opolskie;oleski;;8;50.878744;18.4604
commune;opolskie;Opole;Opole;18;50.663101;17.926109
district;opolskie;Opole;;18;45.746368;-94.369591
commune;opolskie;opolski;Ozimek;2;50.68029;18.211729
commune;opolskie;opolski;Murów;6;50.862652;17.946581
district;opolskie;opolski;;8;51.129814;22.010635
commune;opolskie;prudnicki;Prudnik;7;50.319599;17.580351
commune;opolskie;prudnicki;Głogówek;1;50.354549;17.864599
commune;opolskie;prudnicki;Biała;4;50.38567;17.66008
district;opolskie;prudnicki;;12;50.410261;17.739285
commune;opolskie;strzelecki;Ujazd;1;50.389439;18.34959
district;opolskie;strzelecki;;1;50.530561;18.34882
commune;opolskie;kluczborski;Byczyna;18;51.11319;18.21055
commune;opolskie;kluczborski;Kluczbork;4;50.973179;18.21369
commune;opolskie;kluczborski;Lasowice Wielkie;1;50.870861;18.221109
commune;opolskie;kluczborski;Wołczyn;1;51.019772;18.04882
district;opolskie;kluczborski;;24;50.985615;18.15258
voivodeship;opolskie;"";"";146;50.583506;17.80231
commune;wielkopolskie;złotowski;Złotów;1;53.364521;17.041019
district;wielkopolskie;złotowski;;1;53.412691;16.914294
commune;wielkopolskie;pilski;Łobżenica;1;53.25811;17.255381
commune;wielkopolskie;pilski;Szydłowo;1;53.162201;16.611521
commune;wielkopolskie;pilski;Wyrzysk;23;53.156921;17.269699
commune;wielkopolskie;pilski;Wysoka;6;53.18071;17.084629
commune;wielkopolskie;pilski;Piła;29;53.15144;16.73517
district;wielkopolskie;pilski;;60;53.157301;16.913876
commune;wielkopolskie;wolsztyński;Siedlec;3;52.13768;16.003429
commune;wielkopolskie;wolsztyński;Przemęt;3;52.011742;16.2929
commune;wielkopolskie;wolsztyński;Wolsztyn;2;52.116131;16.109921
district;wielkopolskie;wolsztyński;;8;52.088837;16.149405
commune;wielkopolskie;czarnkowsko-trzcianecki;Czarnków;8;52.90538;16.5646
commune;wielkopolskie;czarnkowsko-trzcianecki;Lubasz;17;52.849529;16.52285
commune;wielkopolskie;czarnkowsko-trzcianecki;Wieleń;13;52.888592;16.169109
commune;wielkopolskie;czarnkowsko-trzcianecki;Trzcianka;11;53.042011;16.46225
commune;wielkopolskie;czarnkowsko-trzcianecki;Połajewo;1;52.81926;16.724831
district;wielkopolskie;czarnkowsko-trzcianecki;;50;52.928329;16.346675
commune;wielkopolskie;Konin;Konin;8;52.209011;18.25584
district;wielkopolskie;Konin;;8;52.209015;18.255845
commune;wielkopolskie;poznański;Kórnik;1;52.247742;17.08848
commune;wielkopolskie;poznański;Mosina;28;52.245831;16.846951
commune;wielkopolskie;poznański;Stęszew;5;52.283642;16.700411
commune;wielkopolskie;poznański;Swarzędz;1;52.410019;17.077629
commune;wielkopolskie;poznański;Dopiewo;1;52.35545;16.67786
commune;wielkopolskie;poznański;Luboń;1;52.346291;16.878981
commune;wielkopolskie;poznański;Rokietnica;5;52.512348;16.744761
commune;wielkopolskie;poznański;Komorniki;1;52.329159;17.11799
district;wielkopolskie;poznański;;43;52.416349;16.925414
commune;wielkopolskie;średzki;Dominowo;5;52.290359;17.357679
commune;wielkopolskie;średzki;Środa Wielkopolska;9;52.23061;17.275681
district;wielkopolskie;średzki;;14;51.125605;16.618694
commune;wielkopolskie;gnieźnieński;Gniezno;9;52.533352;17.59819
commune;wielkopolskie;gnieźnieński;Łubowo;5;52.511742;17.449051
commune;wielkopolskie;gnieźnieński;Niechanowo;4;52.469719;17.68605
commune;wielkopolskie;gnieźnieński;Czerniejewo;10;52.428478;17.48933
commune;wielkopolskie;gnieźnieński;Mieleszyn;1;52.666561;17.506269
commune;wielkopolskie;gnieźnieński;Trzemeszno;20;52.567909;17.82461
district;wielkopolskie;gnieźnieński;;49;52.55323;17.57096
commune;wielkopolskie;kaliski;Szczytniki;3;51.68536;18.329729
district;wielkopolskie;kaliski;;3;51.789186;18.208005
commune;wielkopolskie;Poznań;Poznań;61;52.409005;16.938205
district;wielkopolskie;Poznań;;61;52.409005;16.938205
commune;wielkopolskie;chodzieski;Margonin;3;52.973099;17.095579
district;wielkopolskie;chodzieski;;3;52.953461;17.01511
commune;wielkopolskie;kępiński;Rychtal;1;51.145561;17.85058
district;wielkopolskie;kępiński;;1;51.248514;17.959845
commune;wielkopolskie;grodziski;Rakoniewice;1;52.138271;16.275061
commune;wielkopolskie;grodziski;Wielichowo;7;52.118191;16.3508
district;wielkopolskie;grodziski;;8;52.16028;16.335606
commune;wielkopolskie;jarociński;Jarocin;1;51.974;17.50061
district;wielkopolskie;jarociński;;1;52.008413;17.4544
commune;wielkopolskie;Kalisz;Kalisz;1;51.77187;18.101681
district;wielkopolskie;Kalisz;;1;51.772048;18.101238
commune;wielkopolskie;kolski;Chodów;7;52.249119;19.014891
commune;wielkopolskie;kolski;Przedecz;3;52.33498;18.8974
district;wielkopolskie;kolski;;10;52.244469;18.779985
commune;wielkopolskie;koniński;Grodziec;3;52.036499;18.062799
commune;wielkopolskie;koniński;Sompolno;7;52.389488;18.50304
commune;wielkopolskie;koniński;Kleczew;27;52.370159;18.177031
district;wielkopolskie;koniński;;37;52.259745;18.296465
commune;wielkopolskie;kościański;Czempiń;54;52.143909;16.767691
commune;wielkopolskie;kościański;Kościan;3;52.083302;16.65
commune;wielkopolskie;kościański;Śmigiel;1;52.013882;16.528839
district;wielkopolskie;kościański;;58;52.066675;16.71509
commune;wielkopolskie;krotoszyński;Kobylin;11;51.715729;17.227131
commune;wielkopolskie;krotoszyński;Koźmin Wielkopolski;7;51.826988;17.453899
commune;wielkopolskie;krotoszyński;Sulmierzyce;1;51.606232;17.527491
district;wielkopolskie;krotoszyński;;19;51.742146;17.420694
commune;wielkopolskie;leszczyński;Krzemieniewo;7;51.874592;16.844191
commune;wielkopolskie;leszczyński;Święciechowa;1;51.855331;16.501419
district;wielkopolskie;leszczyński;;8;51.839115;16.499355
commune;wielkopolskie;Leszno;Leszno;5;51.841782;16.579981
district;wielkopolskie;Leszno;;5;51.841788;16.579983
commune;wielkopolskie;międzychodzki;Kwilcz;10;52.379915;17.441115
commune;wielkopolskie;międzychodzki;Sieraków;11;52.788085;16.772995
commune;wielkopolskie;międzychodzki;Międzychód;32;52.379915;17.441115
commune;wielkopolskie;międzychodzki;Chrzypsko Wielkie;4;52.626952;16.219741
district;wielkopolskie;międzychodzki;;57;52.601526;16.05834
commune;wielkopolskie;nowotomyski;Kuślin;21;52.36269;16.315611
commune;wielkopolskie;nowotomyski;Nowy Tomyśl;5;52.317039;16.13669
district;wielkopolskie;nowotomyski;;26;52.348421;16.159795
commune;wielkopolskie;obornicki;Oborniki;1;52.64698;16.816071
district;wielkopolskie;obornicki;;1;52.716919;16.853496
commune;wielkopolskie;ostrowski;Ostrów Wielkopolski;9;51.650002;17.816669
commune;wielkopolskie;ostrowski;Odolanów;2;51.574322;17.673889
commune;wielkopolskie;ostrowski;Przygodzice;5;51.589828;17.82497
district;wielkopolskie;ostrowski;;16;51.608149;17.85
commune;wielkopolskie;ostrzeszowski;Doruchów;3;51.416828;18.07704
commune;wielkopolskie;ostrzeszowski;Ostrzeszów;1;51.42823;17.921391
district;wielkopolskie;ostrzeszowski;;4;51.437571;18.043655
commune;wielkopolskie;pleszewski;Dobrzyca;6;51.86652;17.602961
district;wielkopolskie;pleszewski;;6;51.925295;17.779275
commune;wielkopolskie;rawicki;Rawicz;1;51.609669;16.865459
district;wielkopolskie;rawicki;;1;51.64448;16.949125
commune;wielkopolskie;słupecki;Orchowo;3;52.506458;18.015739
district;wielkopolskie;słupecki;;3;52.314209;17.908634
commune;wielkopolskie;szamotulski;Szamotuły;50;52.6087;16.58164
district;wielkopolskie;szamotulski;;50;52.584055;16.37712
commune;wielkopolskie;śremski;Śrem;2;52.089588;17.015921
district;wielkopolskie;śremski;;2;52.062672;17.05854
commune;wielkopolskie;turecki;Turek;2;52.016701;18.5
district;wielkopolskie;turecki;;2;51.998196;18.493464
commune;wielkopolskie;wągrowiecki;Wągrowiec;2;52.808571;17.20051
commune;wielkopolskie;wągrowiecki;Gołańcz;2;52.946301;17.30126
district;wielkopolskie;wągrowiecki;;4;52.825851;17.265389
commune;wielkopolskie;wrzesiński;Września;1;52.321899;17.56131
commune;wielkopolskie;wrzesiński;Pyzdry;4;52.170582;17.69009
district;wielkopolskie;wrzesiński;;5;52.240719;17.58999
voivodeship;wielkopolskie;"";"";625;52.379915;17.441115
commune;warmińsko-mazurskie;gołdapski;Dubeninki;7;54.28836;22.55805
commune;warmińsko-mazurskie;gołdapski;Banie Mazurskie;6;54.2474;22.033955
commune;warmińsko-mazurskie;gołdapski;Gołdap;5;54.309178;22.303104
district;warmińsko-mazurskie;gołdapski;;18;54.261181;22.371935
commune;warmińsko-mazurskie;olsztyński;Olsztynek;16;53.583376;20.285182
commune;warmińsko-mazurskie;olsztyński;Kolno;1;53.997514;20.994196
commune;warmińsko-mazurskie;olsztyński;Dywity;1;53.833959;20.473193
commune;warmińsko-mazurskie;olsztyński;Gietrzwałd;28;53.744053;20.227388
district;warmińsko-mazurskie;olsztyński;;46;53.77809;20.61717
commune;warmińsko-mazurskie;kętrzyński;Barciany;6;54.215435;21.353025
commune;warmińsko-mazurskie;kętrzyński;Kętrzyn;5;54.076038;21.37949
commune;warmińsko-mazurskie;kętrzyński;Reszel;4;54.136444;21.31186
district;warmińsko-mazurskie;kętrzyński;;15;54.136444;21.31186
commune;warmińsko-mazurskie;bartoszycki;Bartoszyce;1;54.24817;20.807618
commune;warmińsko-mazurskie;bartoszycki;Sępopol;4;54.21274;20.740581
commune;warmińsko-mazurskie;bartoszycki;Górowo Iławeckie;1;54.284285;20.49558
district;warmińsko-mazurskie;bartoszycki;;6;54.21274;20.740581
commune;warmińsko-mazurskie;braniewski;Braniewo;4;54.22813;19.74922
commune;warmińsko-mazurskie;braniewski;Frombork;19;54.35796;19.683895
commune;warmińsko-mazurskie;braniewski;Pieniężno;2;54.277586;20.006855
commune;warmińsko-mazurskie;braniewski;Wilczęta;10;54.277586;20.006855
commune;warmińsko-mazurskie;braniewski;Lelkowo;1;54.32467;20.225025
district;warmińsko-mazurskie;braniewski;;36;54.277586;20.006855
commune;warmińsko-mazurskie;działdowski;Działdowo;3;53.234725;20.18273
district;warmińsko-mazurskie;działdowski;;3;53.284065;20.05073
commune;warmińsko-mazurskie;Elbląg;Elbląg;33;54.167215;19.33035
district;warmińsko-mazurskie;Elbląg;;33;54.167215;19.33035
commune;warmińsko-mazurskie;elbląski;Markusy;1;54.047745;19.384745
commune;warmińsko-mazurskie;elbląski;Pasłęk;30;54.168539;19.63941
commune;warmińsko-mazurskie;elbląski;Rychliki;28;53.984862;19.527131
commune;warmińsko-mazurskie;elbląski;Młynary;1;54.187815;19.728875
commune;warmińsko-mazurskie;elbląski;Milejewo;1;54.216752;19.54061
district;warmińsko-mazurskie;elbląski;;61;54.168539;19.63941
commune;warmińsko-mazurskie;ełcki;Ełk;18;53.822395;22.350796
district;warmińsko-mazurskie;ełcki;;18;53.81616;22.404466
commune;warmińsko-mazurskie;giżycki;Giżycko;7;54.04805;21.765961
commune;warmińsko-mazurskie;giżycki;Ryn;7;53.93811;21.54563
commune;warmińsko-mazurskie;giżycki;Miłki;2;54.018345;21.82196
district;warmińsko-mazurskie;giżycki;;16;54.018345;21.82196
commune;warmińsko-mazurskie;iławski;Lubawa;1;53.511094;19.743459
commune;warmińsko-mazurskie;iławski;Iława;2;53.59746;19.55534
district;warmińsko-mazurskie;iławski;;3;53.66374;19.53802
commune;warmińsko-mazurskie;lidzbarski;Lidzbark Warmiński;7;54.125511;20.568062
district;warmińsko-mazurskie;lidzbarski;;7;54.105865;20.380445
commune;warmińsko-mazurskie;mrągowski;Mikołajki;12;53.805135;21.576276
commune;warmińsko-mazurskie;mrągowski;Mrągowo;1;53.865202;21.30547
commune;warmińsko-mazurskie;mrągowski;Piecki;2;53.748581;21.340961
district;warmińsko-mazurskie;mrągowski;;15;53.810804;21.397305
commune;warmińsko-mazurskie;nidzicki;Nidzica;23;53.362175;20.42632
district;warmińsko-mazurskie;nidzicki;;23;53.3731;20.498265
commune;warmińsko-mazurskie;nowomiejski;Biskupiec;13;53.863516;20.956533
commune;warmińsko-mazurskie;nowomiejski;Nowe Miasto Lubawskie;8;53.424824;19.58835
commune;warmińsko-mazurskie;nowomiejski;Grodziczno;3;53.41328;19.76017
district;warmińsko-mazurskie;nowomiejski;;24;53.435766;19.54668
commune;warmińsko-mazurskie;Olsztyn;Olsztyn;11;53.776805;20.479475
district;warmińsko-mazurskie;Olsztyn;;11;53.776805;20.479475
commune;warmińsko-mazurskie;ostródzki;Małdyty;1;53.919233;19.744494
commune;warmińsko-mazurskie;ostródzki;Ostróda;13;53.70245;19.960575
commune;warmińsko-mazurskie;ostródzki;Dąbrówno;1;53.430284;20.036225
district;warmińsko-mazurskie;ostródzki;;15;53.729446;19.90287
commune;warmińsko-mazurskie;piski;Biała Piska;1;53.610765;22.06344
commune;warmińsko-mazurskie;piski;Pisz;26;53.629438;21.806917
commune;warmińsko-mazurskie;piski;Orzysz;7;53.80979;21.947743
district;warmińsko-mazurskie;piski;;34;53.680447;21.85591
commune;warmińsko-mazurskie;szczycieński;Jedwabno;1;53.527842;20.726146
district;warmińsko-mazurskie;szczycieński;;1;53.54071;21.070755
commune;warmińsko-mazurskie;węgorzewski;Węgorzewo;28;54.207239;21.77855
commune;warmińsko-mazurskie;węgorzewski;Pozezdrze;7;54.141415;21.859495
district;warmińsko-mazurskie;węgorzewski;;35;54.207239;21.77855
voivodeship;warmińsko-mazurskie;"";"";420;53.791475;20.96719
commune;śląskie;Bytom;Bytom;13;50.374859;18.895799
district;śląskie;Bytom;;13;50.348925;18.915505
commune;śląskie;Katowice;Katowice;54;50.256055;19.030948
district;śląskie;Katowice;;54;50.256055;19.030948
commune;śląskie;żywiecki;Lipowa;5;49.680298;19.104344
commune;śląskie;żywiecki;Milówka;1;49.55841;19.087265
district;śląskie;żywiecki;;6;49.611355;19.21368
commune;śląskie;bieruńsko-lędziński;Bieruń;2;50.083618;19.135811
district;śląskie;bieruńsko-lędziński;;2;50.093145;19.14281
commune;śląskie;będziński;Siewierz;1;50.466664;19.231294
commune;śląskie;będziński;Będzin;6;50.323292;19.108931
commune;śląskie;będziński;Bobrowniki;1;50.380535;18.97803
district;śląskie;będziński;;8;50.396641;19.186094
commune;śląskie;bielski;Porąbka;6;49.819875;19.21486
district;śląskie;bielski;;6;52.746231;23.007955
commune;śląskie;Bielsko-Biała;Bielsko-Biała;10;49.825401;19.050799
district;śląskie;Bielsko-Biała;;10;49.825401;19.050799
commune;śląskie;cieszyński;Cieszyn;47;49.749937;18.635064
commune;śląskie;cieszyński;Wisła;9;49.651588;18.863402
commune;śląskie;cieszyński;Ustroń;2;49.72312;18.807
commune;śląskie;cieszyński;Istebna;14;49.57456;18.893835
commune;śląskie;cieszyński;Brenna;4;49.717215;18.935385
commune;śląskie;cieszyński;Skoczów;2;49.8034;18.796
district;śląskie;cieszyński;;78;49.72628;18.791474
commune;śląskie;Częstochowa;Częstochowa;14;50.809431;19.11889
district;śląskie;Częstochowa;;14;50.81645;19.094321
commune;śląskie;gliwicki;Gierałtowice;1;50.222225;18.71923
commune;śląskie;gliwicki;Toszek;3;50.454072;18.522334
district;śląskie;gliwicki;;4;50.362656;18.58007
commune;śląskie;częstochowski;Janów;6;50.841045;19.337515
commune;śląskie;częstochowski;Kłomnice;9;50.841045;19.337515
commune;śląskie;częstochowski;Mykanów;4;50.841045;19.337515
commune;śląskie;częstochowski;Olsztyn;1;50.750889;19.266701
commune;śląskie;częstochowski;Mstów;5;50.841045;19.337515
district;śląskie;częstochowski;;25;50.841045;19.337515
commune;śląskie;rybnicki;Czerwionka-Leszczyny;4;50.150015;18.67659
district;śląskie;rybnicki;;4;50.09931;18.51786
commune;śląskie;tarnogórski;Tarnowskie Góry;4;50.44612;18.856395
district;śląskie;tarnogórski;;4;50.472864;18.86262
commune;śląskie;raciborski;Racibórz;8;50.09754;18.207761
district;śląskie;raciborski;;8;50.08696;18.268955
commune;śląskie;Zabrze;Zabrze;7;50.324744;18.785327
district;śląskie;Zabrze;;7;50.324744;18.785327
commune;śląskie;lubliniecki;Lubliniec;4;50.668595;18.684199
commune;śląskie;lubliniecki;Koszęcin;3;50.673691;18.794975
commune;śląskie;lubliniecki;Boronów;1;50.672495;18.909825
district;śląskie;lubliniecki;;8;50.673691;18.794975
commune;śląskie;myszkowski;Żarki;4;50.625542;19.363359
commune;śląskie;myszkowski;Niegowa;2;50.641715;19.48018
commune;śląskie;myszkowski;Poraj;1;50.678339;19.213909
district;śląskie;myszkowski;;7;50.605844;19.351564
commune;śląskie;pszczyński;Kobiór;4;50.059574;18.932591
district;śląskie;pszczyński;;4;49.989849;18.882075
commune;śląskie;Rybnik;Rybnik;32;50.089835;18.532755
district;śląskie;Rybnik;;32;50.089835;18.532755
commune;śląskie;Sosnowiec;Sosnowiec;30;50.288807;19.1124
district;śląskie;Sosnowiec;;30;50.288807;19.1124
commune;śląskie;Tychy;Tychy;12;50.11947;18.98443
district;śląskie;Tychy;;12;50.11947;18.98443
commune;śląskie;wodzisławski;Wodzisław Śląski;12;49.999957;18.465177
district;śląskie;wodzisławski;;12;49.993259;18.4245
commune;śląskie;zawierciański;Łazy;1;50.540634;19.612124
commune;śląskie;zawierciański;Pilica;16;50.469508;19.655722
commune;śląskie;zawierciański;Ogrodzieniec;2;50.462295;19.58627
district;śląskie;zawierciański;;19;50.540634;19.612124
commune;śląskie;Gliwice;Gliwice;3;50.292;18.66719
district;śląskie;Gliwice;;3;50.292;18.66719
commune;śląskie;Jaworzno;Jaworzno;5;50.23927;19.276283
district;śląskie;Jaworzno;;5;50.23927;19.276283
commune;śląskie;kłobucki;Krzepice;1;50.969197;18.731746
district;śląskie;kłobucki;;1;50.933664;18.87098
commune;śląskie;Mysłowice;Mysłowice;26;50.215333;19.127054
district;śląskie;Mysłowice;;26;50.242716;19.134672
commune;śląskie;Dąbrowa Górnicza;Dąbrowa Górnicza;4;50.319428;19.185901
district;śląskie;Dąbrowa Górnicza;;4;50.318065;19.216755
voivodeship;śląskie;"";"";406;50.246651;19.004235
commune;świętokrzyskie;kielecki;Chmielnik;10;50.61422;20.750999
commune;świętokrzyskie;kielecki;Chęciny;24;50.801355;20.63318
commune;świętokrzyskie;kielecki;Morawica;5;50.801355;20.63318
commune;świętokrzyskie;kielecki;Bodzentyn;1;50.801355;20.63318
commune;świętokrzyskie;kielecki;Daleszyce;21;50.801355;20.63318
commune;świętokrzyskie;kielecki;Zagnańsk;10;50.801355;20.63318
commune;świętokrzyskie;kielecki;Nowa Słupia;6;50.86409;21.09037
commune;świętokrzyskie;kielecki;Raków;11;50.801355;20.63318
district;świętokrzyskie;kielecki;;88;50.801355;20.63318
commune;świętokrzyskie;buski;Busko-Zdrój;48;50.479408;20.71818
commune;świętokrzyskie;buski;Solec-Zdrój;13;50.366508;20.88726
commune;świętokrzyskie;buski;Nowy Korczyn;22;50.300652;20.80702
commune;świętokrzyskie;buski;Stopnica;14;50.439178;20.93786
commune;świętokrzyskie;buski;Wiślica;15;50.455856;20.874025
commune;świętokrzyskie;buski;Gnojno;7;50.455856;20.874025
commune;świętokrzyskie;buski;Pacanów;5;50.455856;20.874025
commune;świętokrzyskie;buski;Tuczępy;3;50.455856;20.874025
district;świętokrzyskie;buski;;127;50.455856;20.874025
commune;świętokrzyskie;jędrzejowski;Imielno;22;50.657764;20.186465
commune;świętokrzyskie;jędrzejowski;Jędrzejów;34;50.657764;20.186465
commune;świętokrzyskie;jędrzejowski;Małogoszcz;22;50.657764;20.186465
district;świętokrzyskie;jędrzejowski;;78;50.657764;20.186465
commune;świętokrzyskie;Kielce;Kielce;42;50.857229;20.6075
district;świętokrzyskie;Kielce;;42;50.87683;20.624195
commune;świętokrzyskie;opatowski;Opatów;11;50.802212;21.42572
commune;świętokrzyskie;opatowski;Iwaniska;3;50.73193;21.281759
district;świętokrzyskie;opatowski;;14;50.878811;21.48233
commune;świętokrzyskie;ostrowiecki;Ćmielów;26;50.932034;21.38613
commune;świętokrzyskie;ostrowiecki;Bałtów;5;50.932034;21.38613
commune;świętokrzyskie;ostrowiecki;Ostrowiec Świętokrzyski;1;50.932018;21.38612
commune;świętokrzyskie;ostrowiecki;Bodzechów;9;50.932034;21.38613
district;świętokrzyskie;ostrowiecki;;41;50.941555;21.40931
commune;świętokrzyskie;sandomierski;Sandomierz;51;50.697182;21.74016
commune;świętokrzyskie;sandomierski;Zawichost;3;50.806641;21.857731
commune;świętokrzyskie;sandomierski;Klimontów;1;50.283298;19.200001
commune;świętokrzyskie;sandomierski;Dwikozy;11;50.738602;21.792061
district;świętokrzyskie;sandomierski;;66;50.694931;21.609195
commune;świętokrzyskie;starachowicki;Starachowice;19;51.03796;21.07066
district;świętokrzyskie;starachowicki;;19;51.053572;21.135505
commune;świętokrzyskie;staszowski;Bogoria;10;50.517204;21.195765
commune;świętokrzyskie;staszowski;Staszów;42;50.517204;21.195765
commune;świętokrzyskie;staszowski;Szydłów;23;50.517204;21.195765
commune;świętokrzyskie;staszowski;Rytwiany;14;50.517204;21.195765
commune;świętokrzyskie;staszowski;Łubnice;4;50.517204;21.195765
commune;świętokrzyskie;staszowski;Oleśnica;1;51.213081;17.38744
commune;świętokrzyskie;staszowski;Osiek;6;50.517204;21.195765
commune;świętokrzyskie;staszowski;Połaniec;9;50.517204;21.195765
district;świętokrzyskie;staszowski;;109;50.517204;21.195765
commune;świętokrzyskie;włoszczowski;Krasocin;1;50.832016;19.972905
commune;świętokrzyskie;włoszczowski;Radków;3;50.832016;19.972905
commune;świętokrzyskie;włoszczowski;Włoszczowa;1;50.832016;19.972905
district;świętokrzyskie;włoszczowski;;5;50.832016;19.972905
commune;świętokrzyskie;pińczowski;Pińczów;2;50.500406;20.472495
commune;świętokrzyskie;pińczowski;Kije;4;50.500406;20.472495
district;świętokrzyskie;pińczowski;;6;50.500406;20.472495
commune;świętokrzyskie;skarżyski;Suchedniów;1;51.05368;20.789345
district;świętokrzyskie;skarżyski;;1;51.05368;20.789345
voivodeship;świętokrzyskie;"";"";596;50.763842;20.787415
